INSERT INTO `Jurisdiction` (`JurisdictionID`, `JurisdictionName`) VALUES 
(1, 'Alabama'),
(2, 'Alaska'),
(3, 'American Samoa'),
(4, 'Arizona'),
(5, 'Arkansas'),
(6, 'California'),
(7, 'Colorado'),
(8, 'Connecticut'),
(9, 'Delaware'),
(10, 'District of Columbia'),
(11, 'Florida'),
(12, 'Georgia'),
(13, 'Guam'),
(14, 'Hawaii'),
(15, 'Idaho'),
(16, 'Illinois'),
(17, 'Indiana'),
(18, 'Iowa'),
(19, 'Kansas'),
(20, 'Kentucky'),
(21, 'Louisiana'),
(22, 'Maine'),
(23, 'Maryland'),
(24, 'Massachusetts'),
(25, 'Michigan'),
(26, 'Minnesota'),
(27, 'Minor Outlying Islands'),
(28, 'Mississippi'),
(29, 'Missouri'),
(30, 'Montana'),
(31, 'Nebraska'),
(32, 'Nevada'),
(33, 'New Hampshire'),
(34, 'New Jersey'),
(35, 'New Mexico'),
(36, 'New York'),
(37, 'North Carolina'),
(38, 'North Dakota'),
(39, 'Northern Mariana Islands'),
(40, 'Ohio'),
(41, 'Oklahoma'),
(42, 'Oregon'),
(43, 'Pennsylvania'),
(44, 'Puerto Rico'),
(45, 'Rhode Island'),
(46, 'South Carolina'),
(47, 'South Dakota'),
(48, 'Tennessee'),
(49, 'Texas'),
(50, 'U.S. Virgin Islands'),
(51, 'Utah'),
(52, 'Vermont'),
(53, 'Virginia'),
(54, 'Washington'),
(55, 'West Virginia'),
(56, 'Wisconsin'),
(57, 'Wyoming');

INSERT INTO `Organization` (`OrganizationID`, `OrganizationName`, `OrganizationDesc`) VALUES
(1, 'NDRN', 'National Disability Rights Network');

INSERT INTO `Question` (`QuestionID`, `ReportID`, `QuestionCode`, `QuestionDesc`, `QuestionType`) VALUES
(1, 1, 'A1', 'Individuals served as of October 1 (Carried over from previous FY).', 'NUMBER'),
(2, 1, 'A2', 'Additional individuals served during the year.', 'NUMBER'),
(3, 1, 'A3', 'Total individuals served during the year (A1 + A2).', 'NUMBER'),
(4, 1, 'A4', 'Individuals with more than one (1) intervention opened/closed FY.', 'NUMBER'),
(5, 1, 'A5', 'Individuals served as of September 30 (Carry over to next FY; <= A3).', 'NUMBER');

INSERT INTO `Report` (`ReportID`, `ReportParentID`, `ReportName`, `ReportDesc`) VALUES
(1, NULL, 'One PPR', 'Annual Program Performance Report'),
(2, 1, 'PAAT', 'whatever this stands for'),
(3, 1, 'PATBI', 'whatever this stands for'),
(4, 1, 'PAVA', 'whatever this stands for');

INSERT INTO `ReportInstance` (`ReportInstanceID`, `ReportID`, `JurisdictionID`, `OrganizationID`, `ReportInstanceYear`) VALUES 
(1, 1, 1, 1, '2011'), 
(2, 1, 2, 1, '2011'), 
(3, 1, 3, 1, '2011'), 
(4, 1, 4, 1, '2011'),
(5, 1, 5, 1, '2011'),
(6, 1, 6, 1, '2011'),
(7, 1, 7, 1, '2011'),
(8, 1, 8, 1, '2011'),
(9, 1, 9, 1, '2011'),
(10, 1,10 , 1, '2011'),
(11, 1, 1, 1, '2012'), 
(12, 1, 2, 1, '2012'), 
(13, 1, 3, 1, '2012'), 
(14, 1, 4, 1, '2012'),
(15, 1, 5, 1, '2012'),
(16, 1, 6, 1, '2012'),
(17, 1, 7, 1, '2012'),
(18, 1, 8, 1, '2012'),
(19, 1, 9, 1, '2012'),
(20, 1, 10, 1, '2012'),
(21, 1, 1, 1, '2013'), 
(22, 1, 2, 1, '2013'), 
(23, 1, 3, 1, '2013'), 
(24, 1, 4, 1, '2013'),
(25, 1, 5, 1, '2013'),
(26, 1, 6, 1, '2013'),
(27, 1, 7, 1, '2013'),
(28, 1, 8, 1, '2013'),
(29, 1, 9, 1, '2013'),
(30, 1, 10, 1, '2013'),
(31, 1, 1, 1, '2014'), 
(32, 1, 2, 1, '2014'), 
(33, 1, 3, 1, '2014'), 
(34, 1, 4, 1, '2014'),
(35, 1, 5, 1, '2014'),
(36, 1, 6, 1, '2014'),
(37, 1, 7, 1, '2014'),
(38, 1, 8, 1, '2014'),
(39, 1, 9, 1, '2014'),
(40, 1, 10, 1, '2014'),
(41, 1, 1, 1, '2015'), 
(42, 1, 2, 1, '2015'), 
(43, 1, 3, 1, '2015'), 
(44, 1, 4, 1, '2015'),
(45, 1, 5, 1, '2015'),
(46, 1, 6, 1, '2015'),
(47, 1, 7, 1, '2015'),
(48, 1, 8, 1, '2015'),
(49, 1, 9, 1, '2015'),
(50, 1, 10, 1, '2015'),
(51, 1, 1, 1, '2016'), 
(52, 1, 2, 1, '2016'), 
(53, 1, 3, 1, '2016'), 
(54, 1, 4, 1, '2016'),
(55, 1, 5, 1, '2016'),
(56, 1, 6, 1, '2016'),
(57, 1, 7, 1, '2016'),
(58, 1, 8, 1, '2016'),
(59, 1, 9, 1, '2016'),
(60, 1, 10, 1, '2016'),
(61, 1, 1, 1, '2017'), 
(62, 1, 2, 1, '2017'), 
(63, 1, 3, 1, '2017'), 
(64, 1, 4, 1, '2017'),
(65, 1, 5, 1, '2017'),
(66, 1, 6, 1, '2017'),
(67, 1, 7, 1, '2017'),
(68, 1, 8, 1, '2017'),
(69, 1, 9, 1, '2017'),
(70, 1, 10, 1, '2017'),
(71, 1, 1, 1, '2018'), 
(72, 1, 2, 1, '2018'), 
(73, 1, 3, 1, '2018'), 
(74, 1, 4, 1, '2018'),
(75, 1, 5, 1, '2018'),
(76, 1, 6, 1, '2018'),
(77, 1, 7, 1, '2018'),
(78, 1, 8, 1, '2018'),
(79, 1, 9, 1, '2018'),
(80, 1, 10, 1, '2018'),
(81, 1, 1, 1, '2019'), 
(82, 1, 2, 1, '2019'), 
(83, 1, 3, 1, '2019'), 
(84, 1, 4, 1, '2019'),
(85, 1, 5, 1, '2019'),
(86, 1, 6, 1, '2019'),
(87, 1, 7, 1, '2019'),
(88, 1, 8, 1, '2019'),
(89, 1, 9, 1, '2019'),
(90, 1, 10, 1, '2020'),
(91, 1, 1, 1, '2020'), 
(92, 1, 2, 1, '2020'), 
(93, 1, 3, 1, '2020'), 
(94, 1, 4, 1, '2020'),
(95, 1, 5, 1, '2020'),
(96, 1, 6, 1, '2020'),
(97, 1, 7, 1, '2020'),
(98, 1, 8, 1, '2020'),
(99, 1, 9, 1, '2020'),
(100, 1, 10, 1, '2020');

INSERT INTO `Answer` (`AnswerID`, `QuestionID`, `ReportInstanceID`, `IntAnswerValue`, `CharAnswerValue`) VALUES 
(1, 1, 1, 11, NULL), 
(2, 2, 1, 26, NULL), 
(3, 3, 1, 37, NULL), 
(4, 4, 1, 1, NULL),
(5, 5, 1, 4, NULL),
(6, 1, 2, 25, NULL), 
(7, 2, 2, 33, NULL), 
(8, 3, 2, 58, NULL), 
(9, 4, 2, 1, NULL),
(10, 5, 2, 6, NULL),
(11, 1, 3, 6, NULL), 
(12, 2, 3, 14, NULL), 
(13, 3, 3, 20, NULL), 
(14, 4, 3, 0, NULL),
(15, 5, 3, 6, NULL),
(16, 1, 4, 29, NULL), 
(17, 2, 4, 288, NULL), 
(18, 3, 4, 317, NULL), 
(19, 4, 4, 23, NULL),
(20, 5, 4, 71, NULL),
(21, 1, 5, 8, NULL), 
(22, 2, 5, 52, NULL), 
(23, 3, 5, 60, NULL), 
(24, 4, 5, 3, NULL),
(25, 5, 5, 7, NULL),
(26, 1, 6, 12, NULL), 
(27, 2, 6, 22, NULL), 
(28, 3, 6, 34, NULL), 
(29, 4, 6, 1, NULL),
(30, 5, 6, 6, NULL),
(31, 1, 7, 12, NULL), 
(32, 2, 7, 50, NULL), 
(33, 3, 7, 62, NULL), 
(34, 4, 7, 0, NULL),
(35, 5, 7, 12, NULL),
(36, 1, 8, 38, NULL), 
(37, 2, 8, 54, NULL), 
(38, 3, 8, 92, NULL), 
(39, 4, 8, 1, NULL),
(40, 5, 8, 27, NULL);


